,Antibody,Antigen,pred_IC50,IC50
0,YSGGFCFGYYYGLDQVWSDHY,LTPGSQYYHKNMSER,15.571069717407227,0.048±0.024
1,SQWDLLTS,HTNLCPFGEFNATFVADYSVLSSWNNLSKVGQPTYGYRK,6.880231857299805,0.011 ± 0.000
2,SQWALIT,TNLCPFGEFNATR ,6.907200813293457,0.009 ± 0.000
3,APSPNDNRA,KVGYYQPTYGY,10.570976257324219,0.075 ± 0.005
4,GPKRPSDY,NNSKVGYQPTYGY,20.49589729309082,0.232 ± 0.092
5,GELLYSSTW,AGSTPCVKGFNCY,7.533478736877441,0.007 ± 0.002
6,PRTSCHDGFYGF,TDYYLFRKYAGSTPCVGFNCYQY,4.604664325714111,0.006 ± 0.001
7,VGAGGYYYWDN,GGYNYLTITPCNGVKGFCFLS,6.177048683166504,0.011 ± 0.003
8,GAHDYSDN,STRGDRNGVGYY,19.406158447265625,0.248 ± 0.003
9,VALTHLNNWS,GEFNATRFSSFWNNLDSKVNNYPR,6.724493980407715,0.005 ± 0.000
10,KPTMVAID,YAGFNYFQSYGFTYGVYQX,5.15799617767334,1.372 ± 0.016
11,RDLVVYDVQYGS,RETGNDYYLFRKSNYQAGSGFNYFQSYQTYGY,5.271148204803467,0.018 ± 0.002
12,VPSPKYSY   ,KVGYLKYQSYQPTYGY,12.799724578857422,0.007 ± 0.001
13,KSSAIYYDV,RDRTDYYLFRYAFNYFQSYGFTYGVY,4.72395133972168,6.58 ± 2.988
14,SSGNYRTDYNNWW,ETRFAYAWNRKRSNKNYNYLRISTEGVKFLQS,6.1908183097839355,0.5
15,RDWD,EVATRFAYANRKRSN ,6.828245162963867,0.033
16,AVSRYFWTYYYKS,TGNDYNNLDSKVGGNYLFNYTPCNVKGFNYFLQS,4.366992950439453,0.016
17,RAYRLGLSLDDYY,TRYRTNNLDSKVGGNYNYLITNGVKFLSP,5.235416412353516,0.933
18,RLPTYDHDTTP,SRDERQTGNDYYNLYLFRKSNRITYQAGSTNGVKFNYFLQYYGY,6.09814453125,0.107
19,GSPWYDWW,NNLDSKVGGNYQPTYG,29.061553955078125,1.867
20,RRSWGYSRDFE,YAFSTFKCYGVSPGDEVR,3.9810402393341064,0.97
21,HAVGQESPRA,KYNLRISTNGVEFLQSVY,3.9423234462738037,0.69
22,RDIETAEY,GGNYNLLFIGVEGFNCYFLQSG,4.023943901062012,0.42
23,WTRSEFD,YNSASFSTFKCSPTDPE,7.360779285430908,0.63
24,DKVYYGYTSFPNE,LSASFSTFKCYGVSPKVRAWNTNGVGQY,4.424517631530762,6.05
25, ETVSGMHYY,FQAGSTPCVEGFNCY,8.044631004333496,
26,DGYSSGWTDYDNIF,TRFASYANLDSKGNYNYLRITIGVEFR,4.195052623748779,
27,RDLDYYDQNSYP,RERQTGKDYYYLFRKSNYQAGSFNYQSYGQTNGY,6.857410907745361,
28,RDWPDYSNNF,RDERQGKDYYYLFAFNYQSYGQTNGVY,4.180761814117432,0.2218
29,REGPSITGTQYDNL,RDERQTGKDYYLFRKNYQAGSTNYQSYGTNGVY,5.556081771850586,0.0639
30,QAITQGVIGPDL,RDRQTGKDYYYLFAGGFNYFQSYGNY,4.716695785522461,0.8932
31,RTLYQNS,RTGKDYYYLFRKNYQAGSFNYQGQTNGVY,6.371674537658691,0.0168
32,YIQPPWYST,KVGGNYNLFVEGFNCYFLQSQ,5.659195423126221,0.0043
33,YVVVPAAY,YYLFRYAGSTEGFNCYQS,7.459787368774414,0.4942
34,RYYGRAPW,RKYNLYLFEGFNCYFLQSY,5.434831619262695,0.1814
35,FHTGYWPSNL,RDERQQTGKIDYVGGYLFYAGSFNYFQSYGFQTNY,4.320678234100342,0.0113
36,YGDFYGS,TGKDYLFRKSNYQAGSFNYGNY,4.843493461608887,0.6713
37,FLTYY,GKFAVEGFNYFQ,4.861688613891602,0.2636
38,RLMVYDVQLDSY,NFGFNRFASVYAWNRKRVVLSTKYYSFVIRGDEVRQIAPGQTGKIADYNYKLPDDFTVNYNYLYRLFRKSNLKPFERDSEIYQAGSNGVEGFNCYFPLQSYGFQTNGVGYYSFEL,4.9127020835876465,0.012 ± 0.000
39,PTSCYDAYW,LFYAGSTFNYQ,8.538999557495117,0.003 ± 0.000
40,PSTSCYDAFYW,KYYLFRKYAGSTPVEGFNCYQ,5.351200580596924,0.003 ± 0.000
41,FSMVRYNW,FGEVFNARFASVYAWNRKLSSFSKYADSFVIRGDEVRQIAQAYNYKLFWNKVGGYNYLYRLFRKLFERDISTEIYQGTPCNGVEGFNCYFPLQSYGQPTNGVGYYVLS ,3.350100040435791,0.018 ± 0.007
42,LFLWNNAL,YLLFIGVEGFYFL,2.454134225845337,0.004 ± 0.001
43,RLGSDVQLNSY,RDERQTGKDYYYLFRKSNYQAGSFNYQSYGFQTNGVY,5.350942611694336,0.026 ± 0.007
44,HCSGGTYKYYMVV,RDRQTKYYLFEGFNCYFQTNGY,4.424449443817139,0.033 ± 0.001
45,YYYDYYYAGSP,ASTDRQNVGYYYLITIYGVEGFYFPLQS,5.960449695587158,0.002
46,LDRL,DTYYLFRKNAGSNSYGNGVGY,5.8359599113464355,0.005
47,QWGYNYGSHFYWLS,FGFNATRVLSSFWNSNNLDSKVGNNPRVGYEFNGQ,4.382478713989258,0.004
48,RLEVVDVQGS,RRTGKDYYLFRKSNYQAGSFNYQYTNGY,4.7733049392700195,0.004
49,PYSSVTYGSSP,NNSKVGGNYNLFLQSPTQ,5.793892860412598,0.002
50,RCSSTTCYYSGW,GYNLLFIYAGVEGFCYFLQSGSTKVRQQTKVGYQY,5.961745738983154,0.001
